{
  "global_path": {
    "expire_time": 0,
    "limit_strategy": "sliding",
    "limit_limit": 1000,
    "limit_period": 1,
    "limit_block_time": 0,
    "limit_key_funcs": [["endpoint", ""], ["ip", ""]]
  },

  "global_post": {
    "expire_time": 0.1,
    "expire_keys": []
  },

  "global_path_admin": {
    "expire_time": 0,
    "limit_strategy": "sliding",
    "limit_limit": 1000,
    "limit_period": 1,
    "limit_block_time": 0,
    "limit_key_funcs": [["endpoint", ""], ["cookie", "genshin-admin-token"]]
  },

  "global_post_pay": {
    "expire_time": 5,
    "expire_keys": ["pid", "out_trade_no"]
  },

  "global_path_agent": {
    "expire_time": 0,
    "limit_strategy": "sliding",
    "limit_limit": 1000,
    "limit_period": 1,
    "limit_block_time": 0,
    "limit_key_funcs": [["endpoint", ""], ["cookie", "genshin-agent-token"]]
  },

  "global_path_shop": {
    "expire_time": 0,
    "limit_strategy": "sliding",
    "limit_limit": 1000,
    "limit_period": 1,
    "limit_block_time": 0,
    "limit_key_funcs": [["endpoint", ""], ["cookie", "genshin-shop-token"]]
  },

  "/api/admin2/select": {
    "expire_time": 0,
    "limit_strategy": "sliding",
    "limit_limit": 1000,
    "limit_period": 1,
    "limit_block_time": 0,
    "limit_key_funcs": [["endpoint", ""], ["cookie", "genshin-admin-token"]]
  },

  "/api/artifact/select": {
    "expire_time": 0,
    "limit_strategy": "sliding",
    "limit_limit": 1000,
    "limit_period": 1,
    "limit_block_time": 0,
    "limit_key_funcs": [["endpoint", ""], ["cookie", "genshin-shop-token"]]
  }
}